,,,,,,,,,,,,,,,,,,
,Use overview sheet to select carrier and module ,,,,,,,,,,,,,,,,,
,,,,,,,,,,,,,,,,,,
,,TE0705_REV04,,,,,,,,B2B,,TE0712_REV03,,,,,,Carrier + Module (PCB only)
,Index,Conn Pin name,Desig.,Pin,intermediate,Carrier Net Name,#netname,C. Trace Length (mm),others,pin c,pin m,others,intermediate,Module Net Name,#netname,FPGA Pin,M. Trace Length (mm),Total trace length (mm)
,1,B2B-PWR_1,JB1,2,---,5V0,27,---,---,---,---,---,---,---,---,---,---,---
,2,B2B-GND,JB1,1,---,GND,260,---,---,---,---,---,---,---,---,---,---,---
,3,B2B-PWR_1,JB1,4,---,5V0,27,---,---,---,---,---,---,---,---,---,---,---
,4,B2B-IO-G7_ETH-MDIO0_MGT-TX,JB1,3,---,PHY_MDI0_P,2,28.1421,J14-2,JB1-3,JM1-4,U5-12,---,ETH_TD_P,3,--,8.0123,36.1544
,5,B2B-PWR_1,JB1,6,---,5V0,27,---,---,---,---,---,---,---,---,---,---,---
,6,B2B-IO-G7_ETH-MDIO0_MGT-TX,JB1,5,---,PHY_MDI0_N,2,28.1574,J14-3,JB1-5,JM1-6,U5-11,---,ETH_TD_N,3,--,7.7733,35.9307
,7,B2B-NOSEQ,JB1,8,---,NOSEQ,2,108.2968,U14-29,JB1-8,JM1-7,U3-14,---,NOSEQ,2,--,64.8975,173.1943
,8,B2B-GND,JB1,7,---,GND,260,---,---,---,---,---,---,---,---,---,---,---
,9,B2B-VCCIOA,JB1,10,---,VIOTB,38,---,---,---,---,---,---,---,---,---,---,---
,10,B2B-IO-G7_ETH-MDIO1_MGT-RX,JB1,9,---,PHY_MDI1_P,2,28.5728,J14-4,JB1-9,JM1-10,U5-10,---,ETH_RD_P,3,--,6.9236,35.4964
,11,B2B-VCCIOA,JB1,12,---,VIOTB,38,---,---,---,---,---,---,---,---,---,---,---
,12,B2B-IO-G7_ETH-MDIO1_MGT-RX,JB1,11,---,PHY_MDI1_N,2,28.5882,J14-5,JB1-11,JM1-12,U5-9,---,ETH_RD_N,3,--,6.3833,34.9715
,13,B2B-PWR_2,JB1,14,---,3V3IN,53,---,---,---,---,---,---,---,---,---,---,---
,14,B2B-ETH_VCC,JB1,13,---,NetJB1_13,1,---,---,JB1-13,JM1-14,---,---,3.3V,56,F12,87.5155,---
,15,B2B-PWR_2,JB1,16,---,3V3IN,53,---,---,---,---,---,---,---,---,---,---,---
,16,B2B-IO-G7_ETH-MDIO2_MGT-TX,JB1,15,---,PHY_MDI2_P,2,29.0036,J14-6,JB1-15,JM1-16,---,---,B13_L6_N,2,Y14,27.3879,56.3915
,17,B2B-IO-G5_MIO_SD-D3_MGT-TX,JB1,18,---,SD_DAT3,2,24.6716,U2-3,JB1-18,JM1-17,---,---,B13_L3_P,2,AA13,32.3652,57.0368
,18,B2B-IO-G7_ETH-MDIO2_MGT-TX,JB1,17,---,PHY_MDI2_N,2,29.019,J14-7,JB1-17,JM1-18,---,---,B13_L6_P,2,W14,26.8552,55.8742
,19,B2B-IO-G5_MIO_SD-D2_MGT-TX,JB1,20,---,SD_DAT2,2,25.186,U2-1,JB1-20,JM1-19,---,---,B13_L3_N,2,AB13,33.5414,58.7274
,20,B2B-GND,JB1,19,---,GND,260,---,---,---,---,---,---,---,---,---,---,---
,21,B2B-IO-G5_MIO_SD-D1_GND,JB1,22,---,SD_DAT1,2,33.0574,U2-7,JB1-22,JM1-21,---,---,B13_L11_N,2,Y12,31.979,65.0364
,22,B2B-IO-G7_ETH-MDIO3_MGT-RX,JB1,21,---,PHY_MDI3_P,2,29.4344,J14-8,JB1-21,JM1-22,---,---,B13_L5_N,2,AA14,26.9162,56.3506
,23,B2B-IO-G5_MIO_SD-D0_GND,JB1,24,---,SD_DAT0,2,33.6048,U2-6,JB1-24,JM1-23,---,---,B13_L11_P,2,Y11,32.0653,65.6701
,24,B2B-IO-G7_ETH-MDIO3_MGT-RX,JB1,23,---,PHY_MDI3_N,2,29.4493,J14-9,JB1-23,JM1-24,---,---,B13_L5_P,2,Y13,26.0124,55.4617
,25,B2B-IO-G5_MIO_SD-CMD_MGT-RX,JB1,26,---,SD_CMD,2,27.1443,U2-4,JB1-26,JM1-25,---,---,B13_L9_N,2,AA11,34.4663,61.6106
,26,B2B-GND,JB1,25,---,GND,260,---,---,---,---,---,---,---,---,---,---,---
,27,B2B-IO-G5_MIO_SD-CLK_MGT-RX,JB1,28,---,SD_CLK,2,1.4577,R44-1,JB1-28,JM1-27,---,---,B13_L9_P,2,AA10,34.523,35.9807
,28,B2B-SC_EN1,JB1,27,---,EN1,2,99.3759,U14-53,JB1-27,JM1-28,U3-11,---,EN1,4,--,102.4944,201.8703
,29,B2B-GND,JB1,30,---,GND,260,---,---,---,---,---,---,---,---,---,---,---
,30,B2B-SC_PGOOD,JB1,29,---,PGOOD,2,85.8359,U14-27,JB1-29,JM1-30,U3-12,---,PGOOD,2,--,67.1938,153.0297
,31,B2B-IO-G1,JB1,32,---,X0,2,6.3708,R20-8,JB1-32,JM1-31,---,---,B16_L22_P,2,E22,23.4106,29.7814
,32,B2B-SC_BOOTMODE,JB1,31,---,MODE,2,85.6455,U14-28,JB1-31,JM1-32,U3-13,---,MODE,2,--,67.8859,153.5314
,33,B2B-IO-G1,JB1,34,---,X1,2,6.495,R20-7,JB1-34,JM1-33,---,---,B16_L22_N,2,D22,23.0072,29.5022
,34,B2B-GND,JB1,33,---,GND,260,---,---,---,---,---,---,---,---,---,---,---
,35,B2B-IO-G1,JB1,36,---,X2,2,6.6193,R20-6,JB1-36,JM1-35,---,---,B16_L24_N,2,G22,23.6617,30.281
,36,B2B-IO-G1,JB1,35,---,IOA11,2,45.0096,J11-16,JB1-35,JM1-36,---,---,B16_L16_P,2,B20,14.4755,59.4851
,37,B2B-IO-G1,JB1,38,---,X3,2,6.7436,R20-5,JB1-38,JM1-37,---,---,B16_L24_P,2,G21,23.59,30.3336
,38,B2B-IO-G1,JB1,37,---,IOA10,2,47.2,J11-15,JB1-37,JM1-38,---,---,B16_L16_N,2,A20,14.709,61.909
,39,B2B-PWR_M2,JB1,40,---,VIOB,4,---,---,---,---,---,---,---,---,---,---,---
,40,B2B-IO-G1,JB1,39,---,IOB11,2,52.9,J13-16,JB1-39,JM1-40,---,---,B16_L19_N,2,C20,19.5133,72.4133
,41,B2B-IO-G1,JB1,42,---,IOA13,2,47.7629,J11-18,JB1-42,JM1-41,---,---,B16_L23_P,2,E21,28.4713,76.2342
,42,B2B-IO-G1,JB1,41,---,IOB10,2,54.7903,J13-15,JB1-41,JM1-42,---,---,B16_L19_P,2,D20,20.3442,75.1345
,43,B2B-IO-G1,JB1,44,---,IOA1,2,41.7809,J11-6,JB1-44,JM1-43,---,---,B16_L23_N,2,D21,28.0679,69.8488
,44,B2B-GND,JB1,43,---,GND,260,---,---,---,---,---,---,---,---,---,---,---
,45,B2B-IO-G1,JB1,46,---,IOA12,2,49.3796,J11-17,JB1-46,JM1-45,---,---,B16_L15_P,2,F18,26.3608,75.7404
,46,B2B-IO-G1,JB1,45,---,IOA9,2,41.0975,J11-14,JB1-45,JM1-46,---,---,B16_L17_N,2,A19,16.37,57.4675
,47,B2B-IO-G1,JB1,48,---,IOB16,2,59.8571,J13-21,JB1-48,JM1-47,---,---,B16_L15_N,2,E18,25.9427,85.7998
,48,B2B-IO-G1,JB1,47,---,IOA8,2,43.2956,J11-13,JB1-47,JM1-48,---,---,B16_L17_P,2,A18,16.2638,59.5594
,49,B2B-IO-G1,JB1,50,---,IOB15,2,55.4699,J13-20,JB1-50,JM1-49,---,---,B16_L20_P,2,C22,25.2578,80.7277
,50,B2B-IO-G1,JB1,49,---,IOB9,2,48.9825,J13-14,JB1-49,JM1-50,---,---,B16_L18_N,2,F20,22.74,71.7225
,51,B2B-IO-G1,JB1,52,---,IOB14,2,57.2586,J13-19,JB1-52,JM1-51,---,---,B16_L20_N,2,B22,24.8544,82.113
,52,B2B-IO-G1,JB1,51,---,IOB8,2,50.8539,J13-13,JB1-51,JM1-52,---,---,B16_L18_P,2,F19,22.5857,73.4396
,53,B2B-GND,JB1,54,---,GND,260,---,---,---,---,---,---,---,---,---,---,---
,54,B2B-GND,JB1,53,---,GND,260,---,---,---,---,---,---,---,---,---,---,---
,55,B2B-IO-G1,JB1,56,---,IOB13,2,52.6227,J13-18,JB1-56,JM1-55,---,---,B16_L21_P,2,B21,23.847,76.4697
,56,B2B-IO-G1,JB1,55,---,IOA7,2,37.183,J11-12,JB1-55,JM1-56,---,---,B16_L9_N,2,A16,14.762,51.945
,57,B2B-IO-G1,JB1,58,---,IOB12,2,57.0196,J13-17,JB1-58,JM1-57,---,---,B16_L21_N,2,A21,23.4436,80.4632
,58,B2B-IO-G1,JB1,57,---,IOA6,2,39.3122,J11-11,JB1-57,JM1-58,---,---,B16_L9_P,2,A15,14.3443,53.6565
,59,B2B-IO-G1,JB1,60,---,NetJB1_60,1,---,---,JB1-60,JM1-59,---,---,B16_L13_P,2,C18,25.4977,---
,60,B2B-IO-G1,JB1,59,---,IOB7,2,45.0164,J13-12,JB1-59,JM1-60,---,---,B16_L7_N,2,B16,17.0195,62.0359
,61,B2B-IO-G1,JB1,62,---,NetJB1_62,1,---,---,JB1-62,JM1-61,---,---,B16_L13_N,2,C19,25.433,---
,62,B2B-IO-G1,JB1,61,---,IOB6,2,46.9023,J13-11,JB1-61,JM1-62,---,---,B16_L7_P,2,B15,17.4508,64.3531
,63,B2B-GND,JB1,64,---,GND,260,---,---,---,---,---,---,---,---,---,---,---
,64,B2B-GND,JB1,63,---,GND,260,---,---,---,---,---,---,---,---,---,---,---
,65,B2B-IO-G1,JB1,66,---,NetJB1_66,1,---,---,JB1-66,JM1-65,---,---,B16_L14_P,2,E19,27.0326,---
,66,B2B-IO-G1,JB1,65,---,NetJB1_65,1,---,---,JB1-65,JM1-66,---,---,B16_L11_P,2,B17,21.4868,---
,67,B2B-IO-G1,JB1,68,---,NetJB1_68,1,---,---,JB1-68,JM1-67,---,---,B16_L14_N,2,D19,25.884,---
,68,B2B-IO-G1,JB1,67,---,NetJB1_67,1,---,---,JB1-67,JM1-68,---,---,B16_L11_N,2,B18,22.2723,---
,69,B2B-IO-G1,JB1,70,---,IOB2,2,51.06,J13-7,JB1-70,JM1-69,---,---,B16_L3_N,2,C15,24.0866,75.1466
,70,B2B-IO-G1,JB1,69,---,IOA5,2,32.2851,J11-10,JB1-69,JM1-70,---,---,B16_L10_N,2,A14,16.5047,48.7898
,71,B2B-IO-G1,JB1,72,---,X4,2,5.5181,R21-8,JB1-72,JM1-71,---,---,B16_L3_P,2,C14,24.1503,29.6684
,72,B2B-IO-G1,JB1,71,---,IOA4,2,34.617,J11-9,JB1-71,JM1-72,---,---,B16_L10_P,2,A13,16.3985,51.0155
,73,B2B-GND,JB1,74,---,GND,260,---,---,---,---,---,---,---,---,---,---,---
,74,B2B-GND,JB1,73,---,GND,260,---,---,---,---,---,---,---,---,---,---,---
,75,B2B-IO-G1,JB1,76,---,NetJB1_76,1,---,---,JB1-76,JM1-75,---,---,B16_L12_P,2,D17,28.2811,---
,76,B2B-IO-G1,JB1,75,---,IOB5,2,40.1166,J13-10,JB1-75,JM1-76,---,---,B16_L5_N,2,D16,25.6153,65.7319
,77,B2B-IO-G1,JB1,78,---,NetJB1_78,1,---,---,JB1-78,JM1-77,---,---,B16_L12_N,2,C17,28.0053,---
,78,B2B-IO-G1,JB1,77,---,IOB4,2,42.1151,J13-9,JB1-77,JM1-78,---,---,B16_L5_P,2,E16,26.0611,68.1762
,79,B2B-PWR_VBAT,JB1,80,---,VBAT,2,---,---,---,---,---,---,---,---,---,---,---
,80,B2B-IO-G1,JB1,79,---,IOB3,2,44.3083,J13-8,JB1-79,JM1-80,---,---,B16_L2_N,2,E17,29.1452,73.4535
,81,B2B-IO-G1,JB1,82,---,X5,2,5.9395,R21-7,JB1-82,JM1-81,---,---,B16_L8_N,2,B13,25.2309,31.1704
,82,B2B-IO-G1,JB1,81,---,IOA3,2,35.0625,J11-8,JB1-81,JM1-82,---,---,B16_L2_P,2,F16,29.9797,65.0422
,83,B2B-IO-G1,JB1,84,---,X6,3,69.6356,U14-19,JB1-84,JM1-83,---,---,B16_L8_P,2,C13,25.5068,95.1424
,84,B2B-GND,JB1,83,---,GND,260,---,---,---,---,---,---,---,---,---,---,---
,85,B2B-IO-G6_MIO_UART-TX,JB1,86,MIO15 --> R30 --> ,NetD12_1,3,79.8594,J1-5,JB1-86,JM1-85,---,---,B14_L18_N,2,U18,47.5165,127.3759
,86,B2B-IO-G1,JB1,85,---,NetJB1_85,1,---,---,JB1-85,JM1-86,---,---,B16_L6_N,2,D15,25.7321,---
,87,B2B-IO-G6_MIO,JB1,88,MIO0 --> R30 --> ,NetD11_4,3,151.3184,J1-11,JB1-88,JM1-87,---,---,B14_L18_P,2,U17,47.4401,198.7585
,88,B2B-IO-G1,JB1,87,---,IOA2,2,36.379,J11-7,JB1-87,JM1-88,---,---,B16_L6_P,2,D14,25.6259,62.0049
,89,B2B-JTAGSEL,JB1,90,---,JTAGMODE,3,74.8961,U14-58,JB1-90,JM1-89,U3-26,---,JTAGEN,3,--,55.6807,130.5768
,90,B2B-GND,JB1,89,---,GND,260,---,---,---,---,---,---,---,---,---,---,---
,91,B2B-IO-G6_MIO,JB1,92,MIO9 --> R30 --> ,NetD11_3,3,29.5912,J1-9,JB1-92,JM1-91,---,---,B14_L9_P,2,Y21,53.6444,83.2356
,92,B2B-IO-G6_MIO_UART-RX,JB1,91,MIO14 --> R29 --> ,NetD12_4,3,104.2025,J1-7,JB1-91,JM1-92,---,---,B14_L24_P,2,P16,49.7054,153.9079
,93,B2B-IO-G6_MIO,JB1,94,MIO11 --> R30 --> ,NetD12_6,3,79.6838,J1-8,JB1-94,JM1-93,---,---,B14_L9_N,2,Y22,54.2176,133.9014
,94,B2B-IO-G1,JB1,93,---,IOB0,2,42.6658,J13-5,JB1-93,JM1-94,---,---,B16_L4_N,2,E14,26.676,69.3418
,95,B2B-IO-G6_MIO,JB1,96,MIO10 --> R29 --> ,NetD11_1,3,81.7551,J1-10,JB1-96,JM1-95,---,---,B14_L4_P,2,T21,57.1675,138.9226
,96,B2B-IO-G1,JB1,95,---,IOB1,2,39.0363,J13-6,JB1-95,JM1-96,---,---,B16_L4_P,2,E13,26.5698,65.6061
,97,B2B-IO-G6_MIO,JB1,98,MIO13 --> R29 --> ,NetD11_6,3,82.2913,J1-12,JB1-98,JM1-97,---,---,B14_L4_N,2,U21,57.1024,139.3937
,98,B2B-IO-G1,JB1,97,---,NetJB1_97,1,---,---,JB1-97,JM1-98,---,---,B16_L1_N,2,F14,28.5245,---
,99,B2B-IO-G6_MIO,JB1,100,---,MIO12,3,71.0739,U1-2,JB1-100,JM1-99,---,---,B14_L24_N,2,R17,50.7027,121.7766
,100,B2B-IO-G1,JB1,99,---,IOA0,2,27.8034,J11-5,JB1-99,JM1-100,---,---,B16_L1_P,2,F13,28.4183,56.2217
,101,B2B-VCCIOB,JB2,2,---,VIOTB,38,---,---,---,---,---,---,---,---,---,---,---
,102,B2B-PWR_1,JB2,1,---,5V0,27,---,---,---,---,---,---,---,---,---,---,---
,103,B2B-VCCIOB,JB2,4,---,VIOTB,38,---,---,---,---,---,---,---,---,---,---,---
,104,B2B-PWR_1,JB2,3,---,5V0,27,---,---,---,---,---,---,---,---,---,---,---
,105,B2B-VCCIOC,JB2,6,---,VIOTB,38,---,---,---,---,---,---,---,---,---,---,---
,106,B2B-PWR_1,JB2,5,---,5V0,27,---,---,---,---,---,---,---,---,---,---,---
,107,B2B-VCCIOD,JB2,8,---,VIOTB,38,---,---,---,---,---,---,---,---,---,---,---
,108,B2B-PWR_1,JB2,7,---,5V0,27,---,---,---,---,---,---,---,---,---,---,---
,109,B2B-VCCIOD,JB2,10,---,VIOTB,38,---,---,---,---,---,---,---,---,---,---,---
,110,B2B-PWR_M1,JB2,9,---,3.3VOUT,14,---,---,---,---,---,---,---,---,---,---,---
,111,B2B-IO-G3,JB2,12,---,IOB17,2,65.9381,J13-22,JB2-12,JM2-11,---,---,B14_L8_N,2,AA21,8.3428,74.2809
,112,B2B-PWR_M1,JB2,11,---,3.3VOUT,14,---,---,---,---,---,---,---,---,---,---,---
,113,B2B-IO-G3,JB2,14,---,IOA14,2,54.8232,J11-19,JB2-14,JM2-13,---,---,B14_L8_P,2,AA20,8.3428,63.166
,114,B2B-IO-G3,JB2,13,---,NetJB2_13,1,---,---,JB2-13,JM2-14,---,---,B14_L10_N,2,AB22,10.7098,---
,115,B2B-IO-G3,JB2,16,---,IOA15,2,52.9602,J11-20,JB2-16,JM2-15,---,---,B14_L17_N,2,AB18,6.259,59.2192
,116,B2B-IO-G3,JB2,15,---,NetJB2_15,1,---,---,JB2-15,JM2-16,---,---,B14_L10_P,2,AB21,10.6669,---
,117,B2B-IO-G3,JB2,18,---,IOB18,2,63.3144,J13-23,JB2-18,JM2-17,---,---,B14_L17_P,2,AA18,6.6898,70.0042
,118,B2B-SC_nRST,JB2,17,---,RESIN,2,109.7361,U14-54,JB2-17,JM2-18,U3-16,---,RESIN,3,--,30.9708,140.7069
,119,B2B-PWR_M3/NC,JB2,20,---,NetJB2_20,1,---,---,JB2-20,JM2-19,---,---,1.5V,97,AA7,179.4112,---
,120,B2B-GND,JB2,19,---,GND,260,---,---,---,---,---,---,---,---,---,---,---
,121,B2B-IO-G3,JB2,22,PA3_P --> R37 --> ,NetD17_3,3,41.6047,J5-5,JB2-22,JM2-21,---,---,B14_L14_P,2,V18,14.0476,55.6523
,122,B2B-IO-G3,JB2,21,PA0_N --> R49 --> ,NetD16_4,3,34.9063,J5-3,JB2-21,JM2-22,---,---,B14_L12_P,2,W19,21.6887,56.595
,123,B2B-IO-G3,JB2,24,PA3_N --> R37 --> ,NetD17_4,3,41.6938,J5-7,JB2-24,JM2-23,---,---,B14_L14_N,2,V19,14.0489,55.7427
,124,B2B-IO-G3,JB2,23,PA0_P --> R49 --> ,NetD16_3,3,33.0069,J5-1,JB2-23,JM2-24,---,---,B14_L12_N,2,W20,22.5502,55.5571
,125,B2B-IO-G3,JB2,26,PA2_P --> R37 --> ,NetD17_1,3,33.0422,J5-6,JB2-26,JM2-25,---,---,B14_L13_P,2,Y18,11.1882,44.2304
,126,B2B-IO-G3,JB2,25,PA1_N --> R49 --> ,NetD16_6,3,26.634,J5-4,JB2-25,JM2-26,---,---,B14_L11_P,2,U20,17.6078,44.2418
,127,B2B-IO-G3,JB2,28,PA2_N --> R37 --> ,NetD17_6,3,33.101,J5-8,JB2-28,JM2-27,---,---,B14_L13_N,2,Y19,12.0552,45.1562
,128,B2B-IO-G3,JB2,27,PA1_P --> R49 --> ,NetD16_1,3,28.4548,J5-2,JB2-27,JM2-28,---,---,B14_L11_N,2,V20,17.3013,45.7561
,129,B2B-GND,JB2,30,---,NetJB2_30,1,---,---,JB2-30,JM2-29,---,---,NetJM2_29,1,--,0,---
,130,B2B-GND,JB2,29,---,GND,260,---,---,---,---,---,---,---,---,---,---,---
,131,B2B-IO-G3,JB2,32,---,IOA16,2,49.7568,J11-21,JB2-32,JM2-31,---,---,B14_L16_P,2,V17,14.5088,64.2656
,132,B2B-IO-G4,JB2,31,PB0_P --> R50 --> ,NetD21_3,3,52.0135,J6-8,JB2-31,JM2-32,---,---,B15_L9_N,2,K22,26.6635,78.677
,133,B2B-IO-G3,JB2,34,---,IOB28,2,61.0927,J13-33,JB2-34,JM2-33,---,---,B14_L16_N,2,W17,14.2022,75.2949
,134,B2B-IO-G4,JB2,33,PB0_N --> R50 --> ,NetD21_4,3,51.2202,J6-6,JB2-33,JM2-34,---,---,B15_L9_P,2,K21,26.5997,77.8199
,135,B2B-IO-G3,JB2,36,---,IOA17,2,45.5227,J11-22,JB2-36,JM2-35,---,---,B14_L15_P,2,AA19,13.8193,59.342
,136,B2B-IO-G4,JB2,35,---,IOB26,2,59.4981,J13-31,JB2-35,JM2-36,---,---,B15_L8_N,2,G20,29.3693,88.8674
,137,B2B-IO-G3,JB2,38,---,IOB24,2,61.1496,J13-29,JB2-38,JM2-37,---,---,B14_L15_N,2,AB20,13.706,74.8556
,138,B2B-IO-G4,JB2,37,---,NetJB2_37,1,---,---,JB2-37,JM2-38,---,---,B15_L8_P,2,H20,28.9533,---
,139,B2B-GND,JB2,40,---,GND,260,---,---,---,---,---,---,---,---,---,---,---
,140,B2B-GND,JB2,39,---,GND,260,---,---,---,---,---,---,---,---,---,---,---
,141,B2B-IO-G4,JB2,42,---,IOB25,2,57.294,J13-30,JB2-42,JM2-41,---,---,B15_L23_P,2,L16,22.8323,80.1263
,142,B2B-IO-G4,JB2,41,PB1_P --> R50 --> ,NetD21_1,3,46.2508,J6-7,JB2-41,JM2-42,---,---,B15_L7_N,2,H22,32.5852,78.836
,143,B2B-IO-G4,JB2,44,---,IOB19,2,53.6196,J13-24,JB2-44,JM2-43,---,---,B15_L23_N,2,K16,23.2483,76.8679
,144,B2B-IO-G4,JB2,43,PB1_N --> R50 --> ,NetD21_6,3,45.4868,J6-5,JB2-43,JM2-44,---,---,B15_L7_P,2,J22,32.1818,77.6686
,145,B2B-IO-G4,JB2,46,---,IOA24,2,49.3003,J11-29,JB2-46,JM2-45,---,---,B15_L19_P,2,K13,21.8106,71.1109
,146,B2B-IO-G4,JB2,45,PB3_P --> R38 --> ,NetD19_4,3,44.6129,J6-3,JB2-45,JM2-46,---,---,B15_L13_P,2,K18,30.3699,74.9828
,147,B2B-IO-G4,JB2,48,---,IOA18,2,45.4007,J11-23,JB2-48,JM2-47,---,---,B15_L19_N,2,K14,23.2989,68.6996
,148,B2B-IO-G4,JB2,47,PB3_N --> R38 --> ,NetD19_3,3,41.9932,J6-1,JB2-47,JM2-48,---,---,B15_L13_N,2,K19,31.0492,73.0424
,149,B2B-GND,JB2,50,---,GND,260,---,---,---,---,---,---,---,---,---,---,---
,150,B2B-GND,JB2,49,---,GND,260,---,---,---,---,---,---,---,---,---,---,---
,151,B2B-IO-G4,JB2,52,---,IOA19,2,41.0663,J11-24,JB2-52,JM2-51,---,---,B15_L11_P,2,J20,30.1484,71.2147
,152,B2B-IO-G4,JB2,51,PB2_N --> R38 --> ,NetD19_1,3,33.4899,J6-2,JB2-51,JM2-52,---,---,B15_L14_P,2,L19,28.1794,61.6693
,153,B2B-IO-G4,JB2,54,---,IOA25,2,44.9165,J11-30,JB2-54,JM2-53,---,---,B15_L11_N,2,J21,30.7639,75.6804
,154,B2B-IO-G4,JB2,53,PB2_P --> R38 --> ,NetD19_6,3,33.5856,J6-4,JB2-53,JM2-54,---,---,B15_L14_N,2,L20,28.4191,62.0047
,155,B2B-IO-G4,JB2,56,---,IOB21,2,48.5642,J13-26,JB2-56,JM2-55,---,---,B15_L3_P,2,J14,25.8274,74.3916
,156,B2B-IO-G4,JB2,55,---,IOB34,2,51.8016,J13-39,JB2-55,JM2-56,---,---,B15_L12_P,2,J19,32.3125,84.1141
,157,B2B-IO-G4,JB2,58,---,IOB22,2,56.2982,J13-27,JB2-58,JM2-57,---,---,B15_L3_N,2,H14,26.2308,82.529
,158,B2B-IO-G4,JB2,57,---,IOB35,2,48.3049,J13-40,JB2-57,JM2-58,---,---,B15_L12_N,2,H19,32.5884,80.8933
,159,B2B-GND,JB2,60,---,GND,260,---,---,---,---,---,---,---,---,---,---,---
,160,B2B-GND,JB2,59,---,GND,260,---,---,---,---,---,---,---,---,---,---,---
,161,B2B-IO-G4,JB2,62,---,IOA22,2,45.3362,J11-27,JB2-62,JM2-61,---,---,B15_L17_N,2,N19,25.257,70.5932
,162,B2B-IO-G4,JB2,61,---,IOA34,2,40.395,J11-39,JB2-61,JM2-62,---,---,B15_L10_N,2,L21,33.115,73.51
,163,B2B-IO-G4,JB2,64,---,IOA20,2,39.5677,J11-25,JB2-64,JM2-63,---,---,B15_L17_P,2,N18,25.0292,64.5969
,164,B2B-IO-G4,JB2,63,---,IOA35,2,36.3979,J11-40,JB2-63,JM2-64,---,---,B15_L10_P,2,M21,31.8407,68.2386
,165,B2B-IO-G4,JB2,66,---,IOA21,2,37.198,J11-26,JB2-66,JM2-65,---,---,B15_L16_P,2,M18,27.2455,64.4435
,166,B2B-IO-G4,JB2,65,---,IOB33,2,45.6288,J13-38,JB2-65,JM2-66,---,---,B15_L18_P,2,N20,31.0743,76.7031
,167,B2B-IO-G4,JB2,68,---,IOB20,2,46.1032,J13-25,JB2-68,JM2-67,---,---,B15_L16_N,2,L18,28.2594,74.3626
,168,B2B-IO-G4,JB2,67,---,IOA32,2,37.9342,J11-37,JB2-67,JM2-68,---,---,B15_L18_N,2,M20,31.9314,69.8656
,169,B2B-GND,JB2,70,---,GND,260,---,---,---,---,---,---,---,---,---,---,---
,170,B2B-GND,JB2,69,---,GND,260,---,---,---,---,---,---,---,---,---,---,---
,171,B2B-IO-G4,JB2,72,---,IOB23,2,42.2682,J13-28,JB2-72,JM2-71,---,---,B15_L1_P,2,H13,28.9412,71.2094
,172,B2B-IO-G4,JB2,71,---,IOA33,2,34.1875,J11-38,JB2-71,JM2-72,---,---,B15_L20_P,2,M13,28.2953,62.4828
,173,B2B-IO-G4,JB2,74,---,IOA23,2,33.6066,J11-28,JB2-74,JM2-73,---,---,B15_L1_N,2,G13,29.2171,62.8237
,174,B2B-IO-G4,JB2,73,---,IOB32,2,45.9174,J13-37,JB2-73,JM2-74,---,---,B15_L20_N,2,L13,28.5012,74.4186
,175,B2B-IO-G4,JB2,76,---,Y0,2,64.5359,U14-15,JB2-76,JM2-75,---,---,B15_L2_N,2,G16,34.474,99.0099
,176,B2B-IO-G4,JB2,75,---,IOB31,2,42.5998,J13-36,JB2-75,JM2-76,---,---,B15_L15_P,2,N22,37.0917,79.6915
,177,B2B-IO-G4,JB2,78,---,Y1,2,64.3275,U14-14,JB2-78,JM2-77,---,---,B15_L2_P,2,G15,34.4102,98.7377
,178,B2B-IO-G4,JB2,77,---,IOA31,2,32.4004,J11-36,JB2-77,JM2-78,---,---,B15_L15_N,2,M22,38.0344,70.4348
,179,B2B-GND,JB2,80,---,GND,260,---,---,---,---,---,---,---,---,---,---,---
,180,B2B-GND,JB2,79,---,GND,260,---,---,---,---,---,---,---,---,---,---,---
,181,B2B-IO-G4,JB2,82,---,Y2,2,63.0344,U14-13,JB2-82,JM2-81,---,---,B15_L4_P,2,G17,39.4917,102.5261
,182,B2B-IO-G4,JB2,81,---,IOA30,2,34.5807,J11-35,JB2-81,JM2-82,---,---,B15_L6_N,2,H18,37.2755,71.8562
,183,B2B-IO-G4,JB2,84,---,Y3,2,61.7052,U14-10,JB2-84,JM2-83,---,---,B15_L4_N,2,G18,39.7873,101.4925
,184,B2B-IO-G4,JB2,83,---,IOB30,2,43.1503,J13-35,JB2-83,JM2-84,---,---,B15_L6_P,2,H17,37.2118,80.3621
,185,B2B-IO-G4,JB2,86,---,Y4,2,61.1543,U14-9,JB2-86,JM2-85,---,---,B15_L5_N,2,H15,36.635,97.7893
,186,B2B-IO-G4,JB2,85,---,IOA29,2,30.2091,J11-34,JB2-85,JM2-86,---,---,B15_L21_P,2,K17,35.5436,65.7527
,187,B2B-IO-G4,JB2,88,---,Y5,2,60.0677,U14-8,JB2-88,JM2-87,---,---,B15_L5_P,2,J15,36.8983,96.966
,188,B2B-IO-G4,JB2,87,---,IOA28,2,32.614,J11-33,JB2-87,JM2-88,---,---,B15_L21_N,2,J17,36.4007,69.0147
,189,B2B-IO-G4,JB2,90,---,Y6,2,59.1745,U14-7,JB2-90,JM2-89,---,---,B15_IO0,2,J16,37.8308,97.0053
,190,B2B-GND,JB2,89,---,GND,260,---,---,---,---,---,---,---,---,---,---,---
,191,B2B-PWR_JTAG,JB2,92,---,VCCJTAG,8,---,---,---,---,---,---,---,---,---,---,---
,192,B2B-IO-G4,JB2,91,---,IOB29,2,38.4843,J13-34,JB2-91,JM2-92,---,---,B15_L24_N,2,M16,34.5829,73.0672
,193,B2B-TMS,JB2,94,---,TMS_B,2,48.2536,U4-4,JB2-94,JM2-93,U3-29,---,TMS,3,--,16.624,64.8776
,194,B2B-IO-G4,JB2,93,---,NetJB2_93,1,---,---,JB2-93,JM2-94,---,---,B15_L24_P,2,M15,34.289,---
,195,B2B-TDI,JB2,96,---,TDI_B,2,48.5069,U7-4,JB2-96,JM2-95,U3-32,---,TDI,3,--,11.0494,59.5563
,196,B2B-IO-G4,JB2,95,---,IOA27,2,27.9417,J11-32,JB2-95,JM2-96,---,---,B15_L22_N,2,L15,37.1072,65.0489
,197,B2B-TDO,JB2,98,---,TDO_B,2,50.1804,U8-2,JB2-98,JM2-97,U3-1,---,TDO,3,--,11.6721,61.8525
,198,B2B-IO-G4,JB2,97,---,IOB27,2,37.1212,J13-32,JB2-97,JM2-98,---,---,B15_L22_P,2,L14,37.0309,74.1521
,199,B2B-TCK,JB2,100,---,TCK_B,2,49.8882,U6-4,JB2-100,JM2-99,U3-30,---,TCK,3,--,13.8178,63.706
,200,B2B-IO-G4,JB2,99,---,IOA26,2,30.1368,J11-31,JB2-99,JM2-100,---,---,B15_IO25,2,M17,39.0239,69.1607
,201,B2B-MGT-TX_ETH-SOUT_IO-G8,JB3,2,---,NetJB3_2,1,---,---,JB3-2,JM3-1,---,---,B13_L17_P,2,T16,25.2853,---
,202,B2B-MGT-RX_ETH-SIN_IO-G8,JB3,1,---,NetJB3_1,1,---,---,JB3-1,JM3-2,---,---,B13_L14_P,2,U15,29.5969,---
,203,B2B-MGT-TX_ETH-SOUT_IO-G8,JB3,4,---,NetJB3_4,1,---,---,JB3-4,JM3-3,---,---,B13_L17_N,2,U16,25.3915,---
,204,B2B-MGT-RX_ETH-SIN_IO-G8,JB3,3,---,NetJB3_3,1,---,---,JB3-3,JM3-4,---,---,B13_L14_N,2,V15,29.7668,---
,205,B2B-GND,JB3,6,---,GND,260,---,---,---,---,---,---,---,---,---,---,---
,206,B2B-GND,JB3,5,---,GND,260,---,---,---,---,---,---,---,---,---,---,---
,207,B2B-MGT-TX_IO-G2,JB3,8,---,NetJB3_8,1,---,---,JB3-8,JM3-7,---,---,MGT_TX0_N,2,A4,26.8942,---
,208,B2B-MGT-RX_IO-G2,JB3,7,---,NetJB3_7,1,---,---,JB3-7,JM3-8,---,---,MGT_RX0_N,2,A8,29.2899,---
,209,B2B-MGT-TX_IO-G2,JB3,10,---,NetJB3_10,1,---,---,JB3-10,JM3-9,---,---,MGT_TX0_P,2,B4,26.8554,---
,210,B2B-MGT-RX_IO-G2,JB3,9,---,NetJB3_9,1,---,---,JB3-9,JM3-10,---,---,MGT_RX0_P,2,B8,29.1472,---
,211,B2B-GND,JB3,12,---,GND,260,---,---,---,---,---,---,---,---,---,---,---
,212,B2B-GND,JB3,11,---,GND,260,---,---,---,---,---,---,---,---,---,---,---
,213,B2B-MGT-TX_IO-G2,JB3,14,---,NetJB3_14,1,---,---,JB3-14,JM3-13,---,---,MGT_TX1_N,2,C5,25.6,---
,214,B2B-MGT-RX_IO-G2,JB3,13,---,NetJB3_13,1,---,---,JB3-13,JM3-14,---,---,MGT_RX1_N,2,C11,22.5351,---
,215,B2B-MGT-TX_IO-G2,JB3,16,---,NetJB3_16,1,---,---,JB3-16,JM3-15,---,---,MGT_TX1_P,2,D5,25.6115,---
,216,B2B-MGT-RX_IO-G2,JB3,15,---,NetJB3_15,1,---,---,JB3-15,JM3-16,---,---,MGT_RX1_P,2,D11,22.481,---
,217,B2B-GND,JB3,18,---,GND,260,---,---,---,---,---,---,---,---,---,---,---
,218,B2B-GND,JB3,17,---,GND,260,---,---,---,---,---,---,---,---,---,---,---
,219,B2B-MGT-TX_IO-G2,JB3,20,---,NetJB3_20,1,---,---,JB3-20,JM3-19,---,---,MGT_TX2_N,2,A6,26.4807,---
,220,B2B-MGT-RX_IO-G2,JB3,19,---,NetJB3_19,1,---,---,JB3-19,JM3-20,---,---,MGT_RX2_N,2,A10,27.0409,---
,221,B2B-MGT-TX_IO-G2,JB3,22,---,NetJB3_22,1,---,---,JB3-22,JM3-21,---,---,MGT_TX2_P,2,B6,26.4807,---
,222,B2B-MGT-RX_IO-G2,JB3,21,---,NetJB3_21,1,---,---,JB3-21,JM3-22,---,---,MGT_RX2_P,2,B10,27.0388,---
,223,B2B-GND,JB3,24,---,GND,260,---,---,---,---,---,---,---,---,---,---,---
,224,B2B-GND,JB3,23,---,GND,260,---,---,---,---,---,---,---,---,---,---,---
,225,B2B-MGT-TX_IO-G2,JB3,26,---,NetJB3_26,1,---,---,JB3-26,JM3-25,---,---,MGT_TX3_N,2,C7,25.3407,---
,226,B2B-MGT-RX_IO-G2,JB3,25,---,NetJB3_25,1,---,---,JB3-25,JM3-26,---,---,MGT_RX3_N,2,C9,25.9319,---
,227,B2B-MGT-TX_IO-G2,JB3,28,---,NetJB3_28,1,---,---,JB3-28,JM3-27,---,---,MGT_TX3_P,2,D7,25.3407,---
,228,B2B-MGT-RX_IO-G2,JB3,27,---,NetJB3_27,1,---,---,JB3-27,JM3-28,---,---,MGT_RX3_P,2,D9,25.9278,---
,229,B2B-GND,JB3,30,---,GND,260,---,---,---,---,---,---,---,---,---,---,---
,230,B2B-GND,JB3,29,---,GND,260,---,---,---,---,---,---,---,---,---,---,---
,231,B2B-MGT-CLK_IO-G2,JB3,32,---,NetJB3_32,1,---,---,JB3-32,JM3-31,---,---,MGT_CLK1_N,2,E10,22.7974,---
,232,B2B-MGT-CLK_IO-G2,JB3,31,---,NetJB3_31,1,---,---,JB3-31,JM3-32,U2-2,---,CLKIN2_N,2,--,48.2461,---
,233,B2B-MGT-CLK_IO-G2,JB3,34,---,NetJB3_34,1,---,---,JB3-34,JM3-33,---,---,MGT_CLK1_P,2,F10,22.7974,---
,234,B2B-MGT-CLK_IO-G2,JB3,33,---,NetJB3_33,1,---,---,JB3-33,JM3-34,U2-1,---,CLKIN2_P,2,--,49.085,---
,235,B2B-GND,JB3,36,---,GND,260,---,---,---,---,---,---,---,---,---,---,---
,236,B2B-GND,JB3,35,---,GND,260,---,---,---,---,---,---,---,---,---,---,---
,237,B2B-IO-G2,JB3,38,---,NetJB3_38,1,---,---,JB3-38,JM3-37,---,---,B13_L10_P,2,V10,22.9848,---
,238,B2B-IO-G2,JB3,37,---,NetJB3_37,1,---,---,JB3-37,JM3-38,---,---,B13_L16_P,2,W15,23.0059,---
,239,B2B-IO-G2,JB3,40,---,NetJB3_40,1,---,---,JB3-40,JM3-39,---,---,B13_L10_N,2,W10,22.9848,---
,240,B2B-IO-G2,JB3,39,---,NetJB3_39,1,---,---,JB3-39,JM3-40,---,---,B13_L16_N,2,W16,22.1504,---
,241,B2B-IO-G2,JB3,42,---,NetJB3_42,1,---,---,JB3-42,JM3-41,---,---,B13_L15_P,2,T14,16.1601,---
,242,B2B-IO-G2,JB3,41,---,IOC0,3,27.9187,J2-11,JB3-41,JM3-42,---,---,B13_L1_P,2,Y16,19.0507,46.9694
,243,B2B-IO-G2,JB3,44,---,NetJB3_44,1,---,---,JB3-44,JM3-43,---,---,B13_L15_N,2,T15,15.7293,---
,244,B2B-IO-G2,JB3,43,---,IOC1,3,31.4247,J2-12,JB3-43,JM3-44,---,---,B13_L1_N,2,AA16,19.1144,50.5391
,245,B2B-GND,JB3,46,---,GND,260,---,---,---,---,---,---,---,---,---,---,---
,246,B2B-GND,JB3,45,---,GND,260,---,---,---,---,---,---,---,---,---,---,---
,247,B2B-USB-OTG-D_P,JB3,48,---,OTG-D_P,2,36.2803,L87-2,JB3-48,JM3-47,---,---,B14_L5_P,2,P19,9.5172,45.7975
,248,B2B-IO-G2,JB3,47,---,IOC2,3,27.3207,J2-9,JB3-47,JM3-48,---,---,B13_L4_P,2,AA15,21.349,48.6697
,249,B2B-USB-OTG-D_N,JB3,50,---,OTG-D_N,2,36.2803,L87-3,JB3-50,JM3-49,---,---,B14_L5_N,2,R19,9.5175,45.7978
,250,B2B-IO-G2,JB3,49,---,IOC3,3,29.8506,J2-10,JB3-49,JM3-50,---,---,B13_L4_N,2,AB15,21.257,51.1076
,251,B2B-USB-OTG-ID,JB3,52,---,OTG-ID,2,42.3704,J12-4,JB3-52,JM3-51,---,---,B14_L20_P,2,R18,10.5793,52.9497
,252,B2B-IO-G2,JB3,51,---,IOC4,3,26.6906,J2-7,JB3-51,JM3-52,---,---,B13_L2_N,2,AB17,21.0581,47.7487
,253,B2B-USB-VBUS_V_EN,JB3,54,---,VBUS_V_EN,2,32.403,U11-4,JB3-54,JM3-53,---,---,B14_L20_N,2,T18,10.5793,42.9823
,254,B2B-IO-G2,JB3,53,---,IOC5,3,30.4939,J2-8,JB3-53,JM3-54,---,---,B13_L2_P,2,AB16,21.7404,52.2343
,255,B2B-USB-USB-VBUS,JB3,56,---,USB-VBUS,2,43.1338,J9-2,JB3-56,JM3-55,---,---,NetJM3_55,1,--,0,43.1338
,256,B2B-NC/IO-G2-VREF,JB3,55,---,GND,260,---,---,---,---,---,---,---,---,---,---,---
,257,B2B-IO-G2,JB3,58,---,NetJB3_58,1,---,---,JB3-58,JM3-57,---,---,B13_L13_P,2,V13,16.0507,---
,258,B2B-IO-G2,JB3,57,---,IOC6,3,25.4423,J2-5,JB3-57,JM3-58,---,---,B13_L12_P,2,W11,24.4506,49.8929
,259,B2B-IO-G2,JB3,60,---,NetJB3_60,1,---,---,JB3-60,JM3-59,---,---,B13_L13_N,2,V14,15.6199,---
,260,B2B-IO-G2,JB3,59,---,IOC7,3,27.7464,J2-6,JB3-59,JM3-60,---,---,B13_L12_N,2,W12,23.5822,51.3286
,261,PMod2x6-VCC,J1,1,---,3.3VOUT,14,---,---,---,---,---,---,---,---,---,---,---
,262,PMod2x6-VCC,J1,2,---,3.3VOUT,14,---,---,---,---,---,---,---,---,---,---,---
,263,PMod2x6-GND,J1,3,---,GND,260,---,---,---,---,---,---,---,---,---,---,---
,264,PMod2x6-GND,J1,4,---,GND,260,---,---,---,---,---,---,---,---,---,---,---
,265,PMod2x6-5,J1,5,NetD12_1 --> R30 --> ,MIO15,3,79.8594,---,JB1-86,JM1-85,---,---,B14_L18_N,2,U18,47.5165,127.3759
,266,PMod2x6-6,J1,6,NetJ1_6 --> R29 --> ,MIO12_BUF,---,24.4417,U1-4,---,---,---,---,---,---,---,---,---
,267,PMod2x6-7,J1,7,NetD12_4 --> R29 --> ,MIO14,3,104.2025,---,JB1-91,JM1-92,---,---,B14_L24_P,2,P16,49.7054,153.9079
,268,PMod2x6-8,J1,8,NetD12_6 --> R30 --> ,MIO11,3,79.6838,---,JB1-94,JM1-93,---,---,B14_L9_N,2,Y22,54.2176,133.9014
,269,PMod2x6-9,J1,9,NetD11_3 --> R30 --> ,MIO9,2,29.5912,---,JB1-92,JM1-91,---,---,B14_L9_P,2,Y21,53.6444,83.2356
,270,PMod2x6-10,J1,10,NetD11_1 --> R29 --> ,MIO10,3,81.7551,---,JB1-96,JM1-95,---,---,B14_L4_P,2,T21,57.1675,138.9226
,271,PMod2x6-11,J1,11,NetD11_4 --> R30 --> ,MIO0,3,151.3184,---,JB1-88,JM1-87,---,---,B14_L18_P,2,U17,47.4401,198.7585
,272,PMod2x6-12,J1,12,NetD11_6 --> R29 --> ,MIO13,3,82.2913,---,JB1-98,JM1-97,---,---,B14_L4_N,2,U21,57.1024,139.3937
,273,PMod2x6-VCC,J2,1,---,VIOTB,38,---,---,---,---,---,---,---,---,---,---,---
,274,PMod2x6-VCC,J2,2,---,VIOTB,38,---,---,---,---,---,---,---,---,---,---,---
,275,PMod2x6-GND,J2,3,---,GND,260,---,---,---,---,---,---,---,---,---,---,---
,276,PMod2x6-GND,J2,4,---,GND,260,---,---,---,---,---,---,---,---,---,---,---
,277,PMod2x6-5,J2,5,---,IOC6,3,25.4423,---,JB3-57,JM3-58,---,---,B13_L12_P,2,W11,24.4506,49.8929
,278,PMod2x6-6,J2,6,---,IOC7,3,27.7464,---,JB3-59,JM3-60,---,---,B13_L12_N,2,W12,23.5822,51.3286
,279,PMod2x6-7,J2,7,---,IOC4,3,26.6906,---,JB3-51,JM3-52,---,---,B13_L2_N,2,AB17,21.0581,47.7487
,280,PMod2x6-8,J2,8,---,IOC5,3,30.4939,---,JB3-53,JM3-54,---,---,B13_L2_P,2,AB16,21.7404,52.2343
,281,PMod2x6-9,J2,9,---,IOC2,3,27.3207,---,JB3-47,JM3-48,---,---,B13_L4_P,2,AA15,21.349,48.6697
,282,PMod2x6-10,J2,10,---,IOC3,3,29.8506,---,JB3-49,JM3-50,---,---,B13_L4_N,2,AB15,21.257,51.1076
,283,PMod2x6-11,J2,11,---,IOC0,3,27.9187,---,JB3-41,JM3-42,---,---,B13_L1_P,2,Y16,19.0507,46.9694
,284,PMod2x6-12,J2,12,---,IOC1,3,31.4247,---,JB3-43,JM3-44,---,---,B13_L1_N,2,AA16,19.1144,50.5391
,285,USB_PCB-VCC,J3,1,---,Vbus,4,22.4521,J7-1,---,---,---,---,---,---,---,---,---
,286,USB_PCB-D-,J3,2,---,Dusb_N,3,10.5747,J7-2,---,---,---,---,---,---,---,---,---
,287,USB_PCB-D+,J3,3,---,Dusb_P,3,10.5747,J7-3,---,---,---,---,---,---,---,---,---
,288,USB_PCB-ID,J3,4,---,GND,260,---,---,---,---,---,---,---,---,---,---,---
,289,USB_PCB-GND,J3,5,---,GND,260,---,---,---,---,---,---,---,---,---,---,---
,290,2_pin_header-1,J4,1,---,S2,3,105.8291,U14-74,---,---,---,---,---,---,---,---,---
,291,2_pin_header-2,J4,2,---,GND,260,---,---,---,---,---,---,---,---,---,---,---
,292,PMod2x6-1,J5,1,NetD16_3 --> R49 --> ,PA0_P,2,33.0069,---,JB2-23,JM2-24,---,---,B14_L12_N,2,W20,22.5502,55.5571
,293,PMod2x6-2,J5,2,NetD16_1 --> R49 --> ,PA1_P,2,28.4548,---,JB2-27,JM2-28,---,---,B14_L11_N,2,V20,17.3013,45.7561
,294,PMod2x6-3,J5,3,NetD16_4 --> R49 --> ,PA0_N,2,34.9063,---,JB2-21,JM2-22,---,---,B14_L12_P,2,W19,21.6887,56.595
,295,PMod2x6-4,J5,4,NetD16_6 --> R49 --> ,PA1_N,2,26.634,---,JB2-25,JM2-26,---,---,B14_L11_P,2,U20,17.6078,44.2418
,296,PMod2x6-5,J5,5,NetD17_3 --> R37 --> ,PA3_P,2,41.6047,---,JB2-22,JM2-21,---,---,B14_L14_P,2,V18,14.0476,55.6523
,297,PMod2x6-6,J5,6,NetD17_1 --> R37 --> ,PA2_P,2,33.0422,---,JB2-26,JM2-25,---,---,B14_L13_P,2,Y18,11.1882,44.2304
,298,PMod2x6-7,J5,7,NetD17_4 --> R37 --> ,PA3_N,2,41.6938,---,JB2-24,JM2-23,---,---,B14_L14_N,2,V19,14.0489,55.7427
,299,PMod2x6-8,J5,8,NetD17_6 --> R37 --> ,PA2_N,2,33.101,---,JB2-28,JM2-27,---,---,B14_L13_N,2,Y19,12.0552,45.1562
,300,PMod2x6-GND,J5,9,---,GND,260,---,---,---,---,---,---,---,---,---,---,---
,301,PMod2x6-GND,J5,10,---,GND,260,---,---,---,---,---,---,---,---,---,---,---
,302,PMod2x6-VCC,J5,11,---,VIOTB,38,---,---,---,---,---,---,---,---,---,---,---
,303,PMod2x6-VCC,J5,12,---,VIOTB,38,---,---,---,---,---,---,---,---,---,---,---
,304,PMod2x6-1,J6,1,NetD19_3 --> R38 --> ,PB3_N,2,41.9932,---,JB2-47,JM2-48,---,---,B15_L13_N,2,K19,31.0492,73.0424
,305,PMod2x6-2,J6,2,NetD19_1 --> R38 --> ,PB2_N,2,33.4899,---,JB2-51,JM2-52,---,---,B15_L14_P,2,L19,28.1794,61.6693
,306,PMod2x6-3,J6,3,NetD19_4 --> R38 --> ,PB3_P,2,44.6129,---,JB2-45,JM2-46,---,---,B15_L13_P,2,K18,30.3699,74.9828
,307,PMod2x6-4,J6,4,NetD19_6 --> R38 --> ,PB2_P,2,33.5856,---,JB2-53,JM2-54,---,---,B15_L14_N,2,L20,28.4191,62.0047
,308,PMod2x6-5,J6,5,NetD21_6 --> R50 --> ,PB1_N,2,45.4868,---,JB2-43,JM2-44,---,---,B15_L7_P,2,J22,32.1818,77.6686
,309,PMod2x6-6,J6,6,NetD21_4 --> R50 --> ,PB0_N,2,51.2202,---,JB2-33,JM2-34,---,---,B15_L9_P,2,K21,26.5997,77.8199
,310,PMod2x6-7,J6,7,NetD21_1 --> R50 --> ,PB1_P,2,46.2508,---,JB2-41,JM2-42,---,---,B15_L7_N,2,H22,32.5852,78.836
,311,PMod2x6-8,J6,8,NetD21_3 --> R50 --> ,PB0_P,2,52.0135,---,JB2-31,JM2-32,---,---,B15_L9_N,2,K22,26.6635,78.677
,312,PMod2x6-GND,J6,9,---,GND,260,---,---,---,---,---,---,---,---,---,---,---
,313,PMod2x6-GND,J6,10,---,GND,260,---,---,---,---,---,---,---,---,---,---,---
,314,PMod2x6-VCC,J6,11,---,VIOTB,38,---,---,---,---,---,---,---,---,---,---,---
,315,PMod2x6-VCC,J6,12,---,VIOTB,38,---,---,---,---,---,---,---,---,---,---,---
,316,Mini_USB_B-Vbus,J7,1,---,Vbus,4,22.4521,J3-1,---,---,---,---,---,---,---,---,---
,317,Mini_USB_B-D-,J7,2,---,Dusb_N,3,10.5747,J3-2,---,---,---,---,---,---,---,---,---
,318,Mini_USB_B-D+,J7,3,---,Dusb_P,3,10.5747,J3-3,---,---,---,---,---,---,---,---,---
,319,Mini_USB_B-ID,J7,4,---,NetJ7_4,1,---,---,---,---,---,---,---,---,---,---,---
,320,Mini_USB_B-GND,J7,5,---,GND,260,---,---,---,---,---,---,---,---,---,---,---
,321,Mini_USB_B-,J7,S1,---,GND,260,---,---,---,---,---,---,---,---,---,---,---
,322,Mini_USB_B-,J7,S2,---,GND,260,---,---,---,---,---,---,---,---,---,---,---
,323,Mini_USB_B-,J7,S3,---,GND,260,---,---,---,---,---,---,---,---,---,---,---
,324,Mini_USB_B-,J7,S4,---,GND,260,---,---,---,---,---,---,---,---,---,---,---
,325,MMC_SD-CD/DAT3,J8,1,---,DAT3/CS,2,10.0771,U2-22,---,---,---,---,---,---,---,---,---
,326,MMC_SD-CMD,J8,2,---,CMD/MOSI,2,13.5865,U2-20,---,---,---,---,---,---,---,---,---
,327,MMC_SD-VSS1,J8,3,---,GND,260,---,---,---,---,---,---,---,---,---,---,---
,328,MMC_SD-VDD,J8,4,---,3.3VOUT,14,---,---,---,---,---,---,---,---,---,---,---
,329,MMC_SD-CLK,J8,5,---,S_CLK,2,4.5301,U2-19,---,---,---,---,---,---,---,---,---
,330,MMC_SD-VSS2,J8,6,---,GND,260,---,---,---,---,---,---,---,---,---,---,---
,331,MMC_SD-DAT0,J8,7,---,DAT0/MISO,2,7.6242,U2-18,---,---,---,---,---,---,---,---,---
,332,MMC_SD-DAT1,J8,8,---,DAT1,2,10.7686,U2-16,---,---,---,---,---,---,---,---,---
,333,MMC_SD-DAT2,J8,9,---,DAT2,2,12.0419,U2-23,---,---,---,---,---,---,---,---,---
,334,MMC_SD-CD,J8,10,---,SD_DETECT,2,141.1902,U14-42,---,---,---,---,---,---,---,---,---
,335,MMC_SD-WP,J8,11,---,SD_WP,2,141.5084,U14-43,---,---,---,---,---,---,---,---,---
,336,MMC_SD-GND,J8,12,---,GND,260,---,---,---,---,---,---,---,---,---,---,---
,337,3_pin_Jumper-1,J9,1,---,NetJ9_1,2,2.2041,R13-1,---,---,---,---,---,---,---,---,---
,338,3_pin_Jumper-2,J9,2,---,USB-VBUS,2,43.1338,---,JB3-56,JM3-55,---,---,NetJM3_55,1,--,0,43.1338
,339,3_pin_Jumper-3,J9,3,---,NetJ9_3,2,2.7159,R12-1,---,---,---,---,---,---,---,---,---
,340,wire-to-board-1,J10,1,---,NetJ10_1,2,0,L5-1,---,---,---,---,---,---,---,---,---
,341,wire-to-board-2,J10,2,---,NetJ10_2,2,0,L5-2,---,---,---,---,---,---,---,---,---
,342,40_pin_header-VCC,J11,1,---,VIOTB,38,---,---,---,---,---,---,---,---,---,---,---
,343,40_pin_header-VCC,J11,2,---,VIOTB,38,---,---,---,---,---,---,---,---,---,---,---
,344,40_pin_header-GND,J11,3,---,GND,260,---,---,---,---,---,---,---,---,---,---,---
,345,40_pin_header-GND,J11,4,---,GND,260,---,---,---,---,---,---,---,---,---,---,---
,346,40_pin_header-5,J11,5,---,IOA0,2,27.8034,---,JB1-99,JM1-100,---,---,B16_L1_P,2,F13,28.4183,56.2217
,347,40_pin_header-6,J11,6,---,IOA1,2,41.7809,---,JB1-44,JM1-43,---,---,B16_L23_N,2,D21,28.0679,69.8488
,348,40_pin_header-7,J11,7,---,IOA2,2,36.379,---,JB1-87,JM1-88,---,---,B16_L6_P,2,D14,25.6259,62.0049
,349,40_pin_header-8,J11,8,---,IOA3,2,35.0625,---,JB1-81,JM1-82,---,---,B16_L2_P,2,F16,29.9797,65.0422
,350,40_pin_header-9,J11,9,---,IOA4,2,34.617,---,JB1-71,JM1-72,---,---,B16_L10_P,2,A13,16.3985,51.0155
,351,40_pin_header-10,J11,10,---,IOA5,2,32.2851,---,JB1-69,JM1-70,---,---,B16_L10_N,2,A14,16.5047,48.7898
,352,40_pin_header-11,J11,11,---,IOA6,2,39.3122,---,JB1-57,JM1-58,---,---,B16_L9_P,2,A15,14.3443,53.6565
,353,40_pin_header-12,J11,12,---,IOA7,2,37.183,---,JB1-55,JM1-56,---,---,B16_L9_N,2,A16,14.762,51.945
,354,40_pin_header-13,J11,13,---,IOA8,2,43.2956,---,JB1-47,JM1-48,---,---,B16_L17_P,2,A18,16.2638,59.5594
,355,40_pin_header-14,J11,14,---,IOA9,2,41.0975,---,JB1-45,JM1-46,---,---,B16_L17_N,2,A19,16.37,57.4675
,356,40_pin_header-15,J11,15,---,IOA10,2,47.2,---,JB1-37,JM1-38,---,---,B16_L16_N,2,A20,14.709,61.909
,357,40_pin_header-16,J11,16,---,IOA11,2,45.0096,---,JB1-35,JM1-36,---,---,B16_L16_P,2,B20,14.4755,59.4851
,358,40_pin_header-17,J11,17,---,IOA12,2,49.3796,---,JB1-46,JM1-45,---,---,B16_L15_P,2,F18,26.3608,75.7404
,359,40_pin_header-18,J11,18,---,IOA13,2,47.7629,---,JB1-42,JM1-41,---,---,B16_L23_P,2,E21,28.4713,76.2342
,360,40_pin_header-19,J11,19,---,IOA14,2,54.8232,---,JB2-14,JM2-13,---,---,B14_L8_P,2,AA20,8.3428,63.166
,361,40_pin_header-20,J11,20,---,IOA15,2,52.9602,---,JB2-16,JM2-15,---,---,B14_L17_N,2,AB18,6.259,59.2192
,362,40_pin_header-21,J11,21,---,IOA16,2,49.7568,---,JB2-32,JM2-31,---,---,B14_L16_P,2,V17,14.5088,64.2656
,363,40_pin_header-22,J11,22,---,IOA17,2,45.5227,---,JB2-36,JM2-35,---,---,B14_L15_P,2,AA19,13.8193,59.342
,364,40_pin_header-23,J11,23,---,IOA18,2,45.4007,---,JB2-48,JM2-47,---,---,B15_L19_N,2,K14,23.2989,68.6996
,365,40_pin_header-24,J11,24,---,IOA19,2,41.0663,---,JB2-52,JM2-51,---,---,B15_L11_P,2,J20,30.1484,71.2147
,366,40_pin_header-25,J11,25,---,IOA20,2,39.5677,---,JB2-64,JM2-63,---,---,B15_L17_P,2,N18,25.0292,64.5969
,367,40_pin_header-26,J11,26,---,IOA21,2,37.198,---,JB2-66,JM2-65,---,---,B15_L16_P,2,M18,27.2455,64.4435
,368,40_pin_header-27,J11,27,---,IOA22,2,45.3362,---,JB2-62,JM2-61,---,---,B15_L17_N,2,N19,25.257,70.5932
,369,40_pin_header-28,J11,28,---,IOA23,2,33.6066,---,JB2-74,JM2-73,---,---,B15_L1_N,2,G13,29.2171,62.8237
,370,40_pin_header-29,J11,29,---,IOA24,2,49.3003,---,JB2-46,JM2-45,---,---,B15_L19_P,2,K13,21.8106,71.1109
,371,40_pin_header-30,J11,30,---,IOA25,2,44.9165,---,JB2-54,JM2-53,---,---,B15_L11_N,2,J21,30.7639,75.6804
,372,40_pin_header-31,J11,31,---,IOA26,2,30.1368,---,JB2-99,JM2-100,---,---,B15_IO25,2,M17,39.0239,69.1607
,373,40_pin_header-32,J11,32,---,IOA27,2,27.9417,---,JB2-95,JM2-96,---,---,B15_L22_N,2,L15,37.1072,65.0489
,374,40_pin_header-33,J11,33,---,IOA28,2,32.614,---,JB2-87,JM2-88,---,---,B15_L21_N,2,J17,36.4007,69.0147
,375,40_pin_header-34,J11,34,---,IOA29,2,30.2091,---,JB2-85,JM2-86,---,---,B15_L21_P,2,K17,35.5436,65.7527
,376,40_pin_header-35,J11,35,---,IOA30,2,34.5807,---,JB2-81,JM2-82,---,---,B15_L6_N,2,H18,37.2755,71.8562
,377,40_pin_header-36,J11,36,---,IOA31,2,32.4004,---,JB2-77,JM2-78,---,---,B15_L15_N,2,M22,38.0344,70.4348
,378,40_pin_header-37,J11,37,---,IOA32,2,37.9342,---,JB2-67,JM2-68,---,---,B15_L18_N,2,M20,31.9314,69.8656
,379,40_pin_header-38,J11,38,---,IOA33,2,34.1875,---,JB2-71,JM2-72,---,---,B15_L20_P,2,M13,28.2953,62.4828
,380,40_pin_header-39,J11,39,---,IOA34,2,40.395,---,JB2-61,JM2-62,---,---,B15_L10_N,2,L21,33.115,73.51
,381,40_pin_header-40,J11,40,---,IOA35,2,36.3979,---,JB2-63,JM2-64,---,---,B15_L10_P,2,M21,31.8407,68.2386
,382,MicroUSB2_B-VBus,J12,1,---,NetJ12_1,5,27.832,J16-1,---,---,---,---,---,---,---,---,---
,383,MicroUSB2_B-D-,J12,2,---,OTG_N,3,10.4726,J16-2,---,---,---,---,---,---,---,---,---
,384,MicroUSB2_B-D+,J12,3,---,OTG_P,3,10.4709,J16-3,---,---,---,---,---,---,---,---,---
,385,MicroUSB2_B-ID,J12,4,---,OTG-ID,2,42.3704,---,JB3-52,JM3-51,---,---,B14_L20_P,2,R18,10.5793,52.9497
,386,MicroUSB2_B-GND,J12,5,---,GND,260,---,---,---,---,---,---,---,---,---,---,---
,387,MicroUSB2_B-1,J12,S1,---,GND,260,---,---,---,---,---,---,---,---,---,---,---
,388,MicroUSB2_B-2,J12,S2,---,GND,260,---,---,---,---,---,---,---,---,---,---,---
,389,MicroUSB2_B-3,J12,S3,---,GND,260,---,---,---,---,---,---,---,---,---,---,---
,390,MicroUSB2_B-4,J12,S4,---,GND,260,---,---,---,---,---,---,---,---,---,---,---
,391,40_pin_header-VCC,J13,1,---,VIOTB,38,---,---,---,---,---,---,---,---,---,---,---
,392,40_pin_header-VCC,J13,2,---,VIOTB,38,---,---,---,---,---,---,---,---,---,---,---
,393,40_pin_header-GND,J13,3,---,GND,260,---,---,---,---,---,---,---,---,---,---,---
,394,40_pin_header-GND,J13,4,---,GND,260,---,---,---,---,---,---,---,---,---,---,---
,395,40_pin_header-5,J13,5,---,IOB0,2,42.6658,---,JB1-93,JM1-94,---,---,B16_L4_N,2,E14,26.676,69.3418
,396,40_pin_header-6,J13,6,---,IOB1,2,39.0363,---,JB1-95,JM1-96,---,---,B16_L4_P,2,E13,26.5698,65.6061
,397,40_pin_header-7,J13,7,---,IOB2,2,51.06,---,JB1-70,JM1-69,---,---,B16_L3_N,2,C15,24.0866,75.1466
,398,40_pin_header-8,J13,8,---,IOB3,2,44.3083,---,JB1-79,JM1-80,---,---,B16_L2_N,2,E17,29.1452,73.4535
,399,40_pin_header-9,J13,9,---,IOB4,2,42.1151,---,JB1-77,JM1-78,---,---,B16_L5_P,2,E16,26.0611,68.1762
,400,40_pin_header-10,J13,10,---,IOB5,2,40.1166,---,JB1-75,JM1-76,---,---,B16_L5_N,2,D16,25.6153,65.7319
,401,40_pin_header-11,J13,11,---,IOB6,2,46.9023,---,JB1-61,JM1-62,---,---,B16_L7_P,2,B15,17.4508,64.3531
,402,40_pin_header-12,J13,12,---,IOB7,2,45.0164,---,JB1-59,JM1-60,---,---,B16_L7_N,2,B16,17.0195,62.0359
,403,40_pin_header-13,J13,13,---,IOB8,2,50.8539,---,JB1-51,JM1-52,---,---,B16_L18_P,2,F19,22.5857,73.4396
,404,40_pin_header-14,J13,14,---,IOB9,2,48.9825,---,JB1-49,JM1-50,---,---,B16_L18_N,2,F20,22.74,71.7225
,405,40_pin_header-15,J13,15,---,IOB10,2,54.7903,---,JB1-41,JM1-42,---,---,B16_L19_P,2,D20,20.3442,75.1345
,406,40_pin_header-16,J13,16,---,IOB11,2,52.9,---,JB1-39,JM1-40,---,---,B16_L19_N,2,C20,19.5133,72.4133
,407,40_pin_header-17,J13,17,---,IOB12,2,57.0196,---,JB1-58,JM1-57,---,---,B16_L21_N,2,A21,23.4436,80.4632
,408,40_pin_header-18,J13,18,---,IOB13,2,52.6227,---,JB1-56,JM1-55,---,---,B16_L21_P,2,B21,23.847,76.4697
,409,40_pin_header-19,J13,19,---,IOB14,2,57.2586,---,JB1-52,JM1-51,---,---,B16_L20_N,2,B22,24.8544,82.113
,410,40_pin_header-20,J13,20,---,IOB15,2,55.4699,---,JB1-50,JM1-49,---,---,B16_L20_P,2,C22,25.2578,80.7277
,411,40_pin_header-21,J13,21,---,IOB16,2,59.8571,---,JB1-48,JM1-47,---,---,B16_L15_N,2,E18,25.9427,85.7998
,412,40_pin_header-22,J13,22,---,IOB17,2,65.9381,---,JB2-12,JM2-11,---,---,B14_L8_N,2,AA21,8.3428,74.2809
,413,40_pin_header-23,J13,23,---,IOB18,2,63.3144,---,JB2-18,JM2-17,---,---,B14_L17_P,2,AA18,6.6898,70.0042
,414,40_pin_header-24,J13,24,---,IOB19,2,53.6196,---,JB2-44,JM2-43,---,---,B15_L23_N,2,K16,23.2483,76.8679
,415,40_pin_header-25,J13,25,---,IOB20,2,46.1032,---,JB2-68,JM2-67,---,---,B15_L16_N,2,L18,28.2594,74.3626
,416,40_pin_header-26,J13,26,---,IOB21,2,48.5642,---,JB2-56,JM2-55,---,---,B15_L3_P,2,J14,25.8274,74.3916
,417,40_pin_header-27,J13,27,---,IOB22,2,56.2982,---,JB2-58,JM2-57,---,---,B15_L3_N,2,H14,26.2308,82.529
,418,40_pin_header-28,J13,28,---,IOB23,2,42.2682,---,JB2-72,JM2-71,---,---,B15_L1_P,2,H13,28.9412,71.2094
,419,40_pin_header-29,J13,29,---,IOB24,2,61.1496,---,JB2-38,JM2-37,---,---,B14_L15_N,2,AB20,13.706,74.8556
,420,40_pin_header-30,J13,30,---,IOB25,2,57.294,---,JB2-42,JM2-41,---,---,B15_L23_P,2,L16,22.8323,80.1263
,421,40_pin_header-31,J13,31,---,IOB26,2,59.4981,---,JB2-35,JM2-36,---,---,B15_L8_N,2,G20,29.3693,88.8674
,422,40_pin_header-32,J13,32,---,IOB27,2,37.1212,---,JB2-97,JM2-98,---,---,B15_L22_P,2,L14,37.0309,74.1521
,423,40_pin_header-33,J13,33,---,IOB28,2,61.0927,---,JB2-34,JM2-33,---,---,B14_L16_N,2,W17,14.2022,75.2949
,424,40_pin_header-34,J13,34,---,IOB29,2,38.4843,---,JB2-91,JM2-92,---,---,B15_L24_N,2,M16,34.5829,73.0672
,425,40_pin_header-35,J13,35,---,IOB30,2,43.1503,---,JB2-83,JM2-84,---,---,B15_L6_P,2,H17,37.2118,80.3621
,426,40_pin_header-36,J13,36,---,IOB31,2,42.5998,---,JB2-75,JM2-76,---,---,B15_L15_P,2,N22,37.0917,79.6915
,427,40_pin_header-37,J13,37,---,IOB32,2,45.9174,---,JB2-73,JM2-74,---,---,B15_L20_N,2,L13,28.5012,74.4186
,428,40_pin_header-38,J13,38,---,IOB33,2,45.6288,---,JB2-65,JM2-66,---,---,B15_L18_P,2,N20,31.0743,76.7031
,429,40_pin_header-39,J13,39,---,IOB34,2,51.8016,---,JB2-55,JM2-56,---,---,B15_L12_P,2,J19,32.3125,84.1141
,430,40_pin_header-40,J13,40,---,IOB35,2,48.3049,---,JB2-57,JM2-58,---,---,B15_L12_N,2,H19,32.5884,80.8933
,431,Ethernet-VCC,J14,1,---,NetC2_2,2,3.2662,C2-2,---,---,---,---,---,---,---,---,---
,432,Ethernet-2,J14,2,---,PHY_MDI0_P,2,28.1421,---,JB1-3,JM1-4,U5-12,---,ETH_TD_P,3,--,8.0123,36.1544
,433,Ethernet-3,J14,3,---,PHY_MDI0_N,2,28.1574,---,JB1-5,JM1-6,U5-11,---,ETH_TD_N,3,--,7.7733,35.9307
,434,Ethernet-4,J14,4,---,PHY_MDI1_P,2,28.5728,---,JB1-9,JM1-10,U5-10,---,ETH_RD_P,3,--,6.9236,35.4964
,435,Ethernet-5,J14,5,---,PHY_MDI1_N,2,28.5882,---,JB1-11,JM1-12,U5-9,---,ETH_RD_N,3,--,6.3833,34.9715
,436,Ethernet-6,J14,6,---,PHY_MDI2_P,2,29.0036,---,JB1-15,JM1-16,---,---,B13_L6_N,2,Y14,27.3879,56.3915
,437,Ethernet-7,J14,7,---,PHY_MDI2_N,2,29.019,---,JB1-17,JM1-18,---,---,B13_L6_P,2,W14,26.8552,55.8742
,438,Ethernet-8,J14,8,---,PHY_MDI3_P,2,29.4344,---,JB1-21,JM1-22,---,---,B13_L5_N,2,AA14,26.9162,56.3506
,439,Ethernet-9,J14,9,---,PHY_MDI3_N,2,29.4493,---,JB1-23,JM1-24,---,---,B13_L5_P,2,Y13,26.0124,55.4617
,440,Ethernet- GND,J14,10,---,GND,260,---,---,---,---,---,---,---,---,---,---,---
,441,Ethernet-11,J14,11,---,PHY_LED2_A,2,97.5751,U14-48,---,---,---,---,---,---,---,---,---
,442,Ethernet-12,J14,12,---,NetJ14_12,2,94.0576,R4-2,---,---,---,---,---,---,---,---,---
,443,Ethernet-13,J14,13,---,NetJ14_13,2,84.1434,R3-2,---,---,---,---,---,---,---,---,---
,444,Ethernet-14,J14,14,---,PHY_LED1_A,2,88.1388,U14-49,---,---,---,---,---,---,---,---,---
,445,Ethernet-Frame ,J14,15,---,FGND,4,---,---,---,---,---,---,---,---,---,---,---
,446,Ethernet-Frame ,J14,16,---,FGND,4,---,---,---,---,---,---,---,---,---,---,---
,447,20_pin_header-VTREF,J15,1,---,VIOTB,38,---,---,---,---,---,---,---,---,---,---,---
,448,20_pin_header-2,J15,2,---,NetJ15_2,1,---,---,---,---,---,---,---,---,---,---,---
,449,20_pin_header-NTRST,J15,3,---,NetD10_1,3,79.2224,D10-1,---,---,---,---,---,---,---,---,---
,450,20_pin_header-GND,J15,4,---,GND,260,---,---,---,---,---,---,---,---,---,---,---
,451,20_pin_header-TDI,J15,5,---,NetD10_3,3,73.3095,D10-3,---,---,---,---,---,---,---,---,---
,452,20_pin_header-GND,J15,6,---,GND,260,---,---,---,---,---,---,---,---,---,---,---
,453,20_pin_header-TMS,J15,7,---,NetD10_4,3,68.892,D10-4,---,---,---,---,---,---,---,---,---
,454,20_pin_header-GND,J15,8,---,GND,260,---,---,---,---,---,---,---,---,---,---,---
,455,20_pin_header-TCK,J15,9,---,NetD10_6,3,63.8258,D10-6,---,---,---,---,---,---,---,---,---
,456,20_pin_header-GND,J15,10,---,GND,260,---,---,---,---,---,---,---,---,---,---,---
,457,20_pin_header-RTCK,J15,11,---,NetD13_1,3,57.0544,D13-1,---,---,---,---,---,---,---,---,---
,458,20_pin_header-GND,J15,12,---,GND,260,---,---,---,---,---,---,---,---,---,---,---
,459,20_pin_header-TDO,J15,13,---,NetD13_3,3,52.5759,D13-3,---,---,---,---,---,---,---,---,---
,460,20_pin_header-14,J15,14,---,NetJ15_14,1,---,---,---,---,---,---,---,---,---,---,---
,461,20_pin_header-sRST,J15,15,---,NetD13_4,3,48.6078,D13-4,---,---,---,---,---,---,---,---,---
,462,20_pin_header-16,J15,16,---,NetJ15_16,1,---,---,---,---,---,---,---,---,---,---,---
,463,20_pin_header-17,J15,17,---,NetJ15_17,1,---,---,---,---,---,---,---,---,---,---,---
,464,20_pin_header-GND,J15,18,---,GND,260,---,---,---,---,---,---,---,---,---,---,---
,465,20_pin_header-19,J15,19,---,NetJ15_19,1,---,---,---,---,---,---,---,---,---,---,---
,466,20_pin_header-GND,J15,20,---,GND,260,---,---,---,---,---,---,---,---,---,---,---
,467,USB_PCB-VCC,J16,1,---,NetJ12_1,5,27.832,J12-1,---,---,---,---,---,---,---,---,---
,468,USB_PCB-D-,J16,2,---,OTG_N,3,10.4726,J12-2,---,---,---,---,---,---,---,---,---
,469,USB_PCB-D+,J16,3,---,OTG_P,3,10.4709,J12-3,---,---,---,---,---,---,---,---,---
,470,USB_PCB-ID,J16,4,---,GND,260,---,---,---,---,---,---,---,---,---,---,---
,471,USB_PCB-GND,J16,5,---,GND,260,---,---,---,---,---,---,---,---,---,---,---
,472,2_pin_Jumper-1,J19,1,---,NetC109_2,6,12.4192,J20-1,---,---,---,---,---,---,---,---,---
,473,2_pin_Jumper-2,J19,2,---,NetJ12_1,5,27.832,J12-1,---,---,---,---,---,---,---,---,---
,474,2_pin_Jumper-1,J20,1,---,NetC109_2,6,12.4192,J19-1,---,---,---,---,---,---,---,---,---
,475,2_pin_Jumper-2,J20,2,---,NetC72_1,2,3.2751,C72-1,---,---,---,---,---,---,---,---,---
,476,3_pin_Jumper-1,J21,1,---,3.3VOUT,14,---,---,---,---,---,---,---,---,---,---,---
,477,3_pin_Jumper-2,J21,2,---,VIOTB,38,---,---,---,---,---,---,---,---,---,---,---
,478,3_pin_Jumper-3,J21,3,---,FMC_VADJ,12,---,---,---,---,---,---,---,---,---,---,---